Model,Combination,Source,SI_SDR,SI_SAR_like,RMSE
demucs_experiment1,accompaniment_vocals,accompaniment,15.480977824088551,15.602227909583323,0.016726533816661657
demucs_experiment1,accompaniment_vocals,vocals,8.750089624177553,9.294366670099508,0.01575561352487017
demucs_experiment1,bass_vocals,bass,20.18812821869835,20.229551498236752,0.004514196089930773
demucs_experiment1,bass_vocals,vocals,20.944817577764034,20.979621632272845,0.004589032269862884
demucs_experiment1,drums_vocals,drums,16.978657921935373,17.064877108502316,0.00797009491778829
demucs_experiment1,drums_vocals,vocals,15.57054043554214,15.68932987147093,0.007618680970829987
demucs_experiment1,other_vocals,other,11.007588108287123,11.338994487524456,0.014129262937527975
demucs_experiment1,other_vocals,vocals,9.83680358895836,10.267262612136062,0.013844321366118226
